"Name","Character","IsDefaultSkin","EnabledByCalendar","PurchasePrice","PurchaseUnlock","TID","Icon","Geometry","Texture","NormalMap","MaterialMap","EmissionMap","OpacityMap","Animation","AltAnimation","CameraDistance","ViewportWidth","ViewportHeight","CelebrateSfx","CelebrateSfxVolume","DeployEffect","AttackEffect","AttackEffect2","AttackEffectAlt","AttackEffect2Alt","HitEffect","DieEffect","AbilityTriggerEffect","SkinChangeEffect","ParticleEffect3D","GunBone","ShadowBone","ProjectileVis","RageProjectileVis","AbilityProjectileVis","SpawnedTroopAnimation","Environment","MakeCreator","ShadowScale","Tier","ThemeIcon","ThemeTID","ThemeYear","FeatureCustomModel","FeatureCustomTextures","FeatureCustomAnimations","FeatureCustomEffects","FeatureCustomSounds","FeatureCustomVoiceovers","FeatureCustomUnits","FeatureExtraAnimations","FeatureExtraEffects","FeatureExtraSounds"
"String","String","boolean","boolean","int","String","String","String","String","String","String","String","String","String","String","String","int","int","int","String","int","String","String","String","String","String","String","String","String","String","String","String","String","String","String","String","String","String","String","int","String","String","String","int","boolean","boolean","boolean","boolean","boolean","boolean","boolean","boolean","boolean","boolean"
"BarbarianKingDefault","Barbarian King","true","false",0,,"TID_BARBARIAN_KING","image/skin_icons/bk_original.png","sc3d/barbking_default_geo.glb","sc3d/barbking_default2_01.pvr","sc3d/barbking_default2_01_normal.pvr","sc3d/barbking_default2_01_material.pvr",,,"BarbarianKingDefault2",,10000,225,225,"sfx/barbarian_king_scream_01.ogg",80,"Barbarian King Deploy","Barbarian King Attack",,,,,"Barbarian King Die","King Ability Effect",,,,"hips_s",,,,,"New",,,"DEFAULT",,,,"false","false","false","false","false","false","false","false","false","false"
,,,,,,,,,,,,,,,,,,,"sfx/barbarian_king_deploy.ogg",90,,,,,,,,,,,,,,,,,,,,,,,,,,,,,,,,,
"BarbarianKingGladiator","Barbarian King","false","false",1500,"20120812T0800","TID_BARBARIAN_KING_GLADIATOR","image/skin_icons/bk_gladiator_dl_opt.png","sc3d/barbking_gladiator_geo_dl_opt.scw","sc3d/barbking_gladiator_01_dl_opt.pvr",,"sc3d/barbking_gladiator_01_material_dl_opt.pvr",,,"BarbarianKingGladiatorSkin",,10000,225,225,"sfx/gladiatorking_celebrate_vo_01_dl_opt.ogg",80,"Gladiator King Deploy","Barbarian King Attack",,,,,"Gladiator King Die","King Ability Effect",,,,"hips_s",,,,,,,,"GOLD",,,,"true","true","false","false","false","true","false","false","false","false"
"ArcherQueenDefault","Archer Queen","true","false",0,,"TID_ARCHER_QUEEN","image/skin_icons/aq_original.png","sc3d/archerqueen_default_geo.glb","sc3d/archerqueen_default_a.pvr","sc3d/archerqueen_default_n.pvr","sc3d/archerqueen_default_m.pvr",,,"ArcherQueenDefaultSkin",,10000,225,225,"sfx/archer_queen_scream_01.ogg",90,"Archer Queen Deploy","ArcherQueen Attack",,,,,"Archer Queen Die","Queen Ability Effect",,,,"hips_s",,,,,,,,"DEFAULT",,,,"false","false","false","false","false","false","false","false","false","false"
,,,,,,,,,,,,,,,,,,,"sfx/archer_queen_deploy_01.ogg",90,,,,,,,,,,,,,,,,,,,,,,,,,,,,,,,,,
"GrandWardenDefault","Grand Warden","true","false",0,,"TID_GRAND_WARDEN","image/skin_icons/gw_original.png","sc3d/grandwarden_default_geo.scw","sc3d/grandwarden_default_01.pvr",,"sc3d/grandwarden_default_01_material.pvr","sc3d/grandwarden_default_01_emission.pvr",,"GrandWardenDefaultSkin","GrandWardenFlyDefaultSkin",10000,225,225,"sfx/tap_grand_warden_04.ogg",90,"Grand Warden Deploy","GrandWarden Attack",,"GrandWarden Attack Air",,,"Grand Warden Die",,,,"L_gunbone_01_s","hips_s",,,,,,,,"DEFAULT",,,,"false","false","false","false","false","false","false","false","false","false"
"PekkaKing","Barbarian King","false","false",1500,"20120812T0800","TID_BARBARIAN_KING_PEKKA","image/skin_icons/bk_pekka_dl_opt.png","sc3d/barbking_pekkabk_geo_dl_opt.scw","sc3d/barbking_pekkabk_01_dl_opt.pvr",,"sc3d/barbking_pekka_01_material_dl_opt.pvr","sc3d/barbking_pekka_01_emission_dl_opt.pvr",,"BarbarianKingPekkaSkin",,10000,225,225,"sfx/gladiatorking_celebrate_vo_01_dl_opt.ogg",80,"Gladiator King Deploy","Barbarian King Attack",,,,,"Gladiator King Die","King Ability Effect","Pekka Spawn Effect","pekka_sword",,"hips_s",,,,,,,,"GOLD",,,,"true","true","false","true","false","true","false","false","false","false"
"SkeletonKing","Barbarian King","false","false",1500,"20120812T0800","TID_SKELETON_KING","image/skin_icons/bk_skeleton_dl_opt.png","sc3d/barbking_skeleton_geo_dl_opt.scw","sc3d/barbking_skeleton_01_dl_opt.pvr","sc3d/barbking_skeleton_01_normal_dl_opt.pvr","sc3d/barbking_skeleton_01_material_dl_opt.pvr",,,"BarbarianKingSkeletonSkin",,10000,225,225,,,"Barbarian King Deploy","Barbarian King Attack",,,,,"Barbarian King Die","King Ability Effect","Skeleton Spawn Effect","skeleton_Glow",,"hips_s",,,,,,,,"GOLD",,,,"true","true","true","true","false","false","false","false","false","false"
"JollyKing","Barbarian King","false","false",1500,"20120812T0800","TID_JOLLY_KING","image/skin_icons/bk_jolly_dl_opt.png","sc3d/barbking_santa_geo_dl_opt.scw","sc3d/barbking_jolly_01_dl_opt.pvr","sc3d/barbking_jolly_01_normal_dl_opt.pvr","sc3d/barbking_jolly_01_material_dl_opt.pvr",,,"BarbarianKingJollySkin",,10000,225,225,,,"Jolly King Deploy","Barbarian King Attack",,,,,"Jolly King Die","King Ability Effect",,"jolly_sword",,"hips_s",,,,,,,,"GOLD",,,,"true","true","true","true","true","true","false","false","false","false"
"PrimalKing","Barbarian King","false","false",1500,"20120812T0800","TID_PRIMAL_KING","image/skin_icons/bk_primal_dl_opt.png","sc3d/barbking_primal_geo_dl_opt.scw","sc3d/barbking_primal_01_dl_opt.pvr","sc3d/barbking_primal_01_normal_dl_opt.pvr","sc3d/barbking_primal_01_material_dl_opt.pvr",,,"BarbarianKingPrimalSkin",,10000,225,225,"sfx/barbarian_king_scream_01.ogg",80,"Primal King Deploy","Barbarian King Attack",,,,,"Barbarian King Die","King Ability Effect",,,,"hips_s",,,,,,,,"GOLD",,,,"true","true","true","true","false","false","false","false","false","false"
"ClockworkKing","Barbarian King","false","false",1500,"20210501T0800","TID_CLOCKWORK_KING","image/skin_icons/bk_clockwork_dl_opt.png","sc3d/barbking_clockwork_geo_dl_opt.scw","sc3d/barbking_clockwork_01_dl_opt.pvr","sc3d/barbking_clockwork_01_normal_dl_opt.pvr","sc3d/barbking_clockwork_01_material_dl_opt.pvr",,,"BarbarianKingClockworkSkin",,10000,225,225,"sfx/bk_wood_scream_01_dl_opt.ogg",80,"Clockwork King Deploy","Clockwork King Attack",,,,,"Clockwork King Die","King Ability Effect",,,,"hips_s",,,,,,,,"GOLD",,,,"true","true","true","false","true","true","false","false","false","false"
"PartyKing","Barbarian King","false","false",1500,"20210801T0800","TID_PARTY_KING","image/skin_icons/bk_party_dl_opt.png","sc3d/barbking_party_geo_dl_opt.scw","sc3d/barbking_party_01_dl_opt.pvr","sc3d/barbking_party_01_normal_dl_opt.pvr","sc3d/barbking_party_01_material_dl_opt.pvr",,,"BarbarianKingPartySkin",,10000,225,225,,,"Party King Deploy","Party King Attack",,,,,"Party King Die","Party King Ability Effect",,,,"hips_s",,,,,,,,"GOLD","image/theme_icons/party_icon_dl_opt.png","TID_SKIN_THEME_ANNIVERSARY",2020,"true","true","true","false","true","true","false","false","false","false"
"ChampionKing","Barbarian King","false","false",0,,"TID_CHAMPION_KING","image/skin_icons/bk_champion_dl_opt.png","sc3d/barbking_champ_geo_dl_opt.scw","sc3d/barbking_champ_01_dl_opt.pvr",,"sc3d/barbking_champ_01_material_dl_opt.pvr",,,"BarbarianKingChampionSkin",,10000,225,225,"sfx/gladchampkingpose_01_dl_opt.ogg",80,"Champion King Spawn Effect Offset","Champion King Attack",,,,"Champion King hit","Barbarian King Die","Champion King Ability Effect","Champion King Spawn Effect",,,"hips_s",,,,"BarbarianChamp",,,,"LEGENDARY","image/theme_icons/champion_icon_dl_opt.png","TID_SKIN_THEME_WORLDS",2020,"true","true","true","true","true","true","true","false","false","false"
"PirateKing","Barbarian King","false","false",1500,"20211101T0800","TID_PIRATE_KING","image/skin_icons/bk_pirate_dl_opt.png","sc3d/barbking_pirate_geo_dl_opt.scw","sc3d/barbking_pirate_01_dl_opt.pvr",,"sc3d/barbking_pirate_01_material_dl_opt.pvr",,,"BarbarianKingPirateSkin",,10000,225,225,,,"Pirate King Deploy","Pirate King Attack",,,,,"Barbarian King Die","Pirate King Ability Effect",,,,"hips_s",,,,,,,,"GOLD",,,,"true","true","true","false","true","true","false","false","false","false"
"GladiatorQueen","Archer Queen","false","false",1500,"20120812T0800","TID_ARCHER_QUEEN_GLADIATOR","image/skin_icons/aq_gladiator_dl_opt.png","sc3d/archerqueen_gladiator_geo_dl_opt.scw","sc3d/archerqueen_gladiator_01_dl_opt.pvr",,"sc3d/archerqueen_gladiator_01_material_dl_opt.pvr",,,"ArcherQueenGladiatorSkin",,10000,225,225,"sfx/archer_queen_scream_01.ogg",90,"Archer Queen Deploy","ArcherQueen Attack",,,,,"Archer Queen Die","Queen Ability Effect",,,,"hips_s",,,,,,,,"GOLD",,,,"true","true","false","false","false","false","false","false","false","false"
,,,,,,,,,,,,,,,,,,,"sfx/archer_queen_deploy_01.ogg",90,,,,,,,,,,,,,,,,,,,,,,,,,,,,,,,,,
"ValkyrieQueen","Archer Queen","false","false",1500,"20120812T0800","TID_VALKYRIE_QUEEN","image/skin_icons/aq_valkyrie_dl_opt.png","sc3d/archerqueen_valkyrie_geo_dl_opt.scw","sc3d/archerqueen_valkyrie_01_dl_opt.pvr",,"sc3d/archerqueen_valkyrie_01_material_dl_opt.pvr",,,"ArcherQueenValkyrieSkin",,10000,225,225,"sfx/archer_queen_scream_01.ogg",90,"Archer Queen Deploy","ArcherQueen Attack",,,,,"Archer Queen Die","Queen Ability Effect",,,,"hips_s",,,,,,,,"GOLD",,,,"true","true","false","false","false","false","false","false","false","false"
,,,,,,,,,,,,,,,,,,,"sfx/archer_queen_deploy_01.ogg",90,,,,,,,,,,,,,,,,,,,,,,,,,,,,,,,,,
"AutumnQueen","Archer Queen","false","false",1500,"20120812T0800","TID_AUTUMN_QUEEN","image/skin_icons/aq_autumn_dl_opt.png","sc3d/archerqueen_autumn_geo_dl_opt.scw","sc3d/archerqueen_autumn_01_dl_opt.pvr","sc3d/archerqueen_autumn_01_normal_dl_opt.pvr","sc3d/archerqueen_autumn_01_material_dl_opt.pvr",,,"ArcherQueenAutumnSkin",,10000,225,225,"sfx/archer_queen_scream_01.ogg",90,"Archer Queen Deploy","ArcherQueen Attack",,,,,"Archer Queen Die","Queen Ability Effect","Autumn Spawn Effect",,,"hips_s",,,,,,,,"GOLD",,,,"true","true","false","true","false","false","false","false","false","false"
,,,,,,,,,,,,,,,,,,,"sfx/archer_queen_deploy_01.ogg",90,,,,,,,,,,,,,,,,,,,,,,,,,,,,,,,,,
"IceQueen","Archer Queen","false","false",1500,"20120812T0800","TID_ICE_QUEEN","image/skin_icons/aq_ice_dl_opt.png","sc3d/archerqueen_ice_geo_dl_opt.scw","sc3d/archerqueen_ice_01_dl_opt.pvr",,"sc3d/archerqueen_ice_01_material_dl_opt.pvr","sc3d/archerqueen_ice_01_emission_dl_opt.pvr",,"ArcherQueenIceSkin",,10000,225,225,"sfx/archer_queen_scream_01.ogg",90,"Archer Queen Deploy","ArcherQueen Attack",,,,,"Archer Queen Die","Ice Ability Effect","Ice Spawn Effect",,,"hips_s",,,,,,,,"GOLD",,,,"true","true","true","true","false","false","false","false","false","false"
,,,,,,,,,,,,,,,,,,,"sfx/archer_queen_deploy_01.ogg",90,,,,,,,,,,,,,,,,,,,,,,,,,,,,,,,,,
"WarriorQueen","Archer Queen","false","false",0,,"TID_WARRIOR_QUEEN","image/skin_icons/aq_cny_01_dl_opt.png","sc3d/archerqueen_cny_geo_dl_opt.scw","sc3d/archerqueen_cny_01_dl_opt.pvr",,"sc3d/archerqueen_cny_01_material_dl_opt.pvr",,,"ArcherQueenCnySkin",,10000,225,225,"sfx/archer_queen_scream_01.ogg",90,"CNY Queen Deploy","ArcherQueen Attack",,,,,"Archer Queen Die","CNY Ability Effect",,,,"hips_s","ArcherQueenCNY arrow","ArcherQueenCNY arrow rage",,,,,,"LEGENDARY","image/theme_icons/lunar_ny_icon_dl_opt.png","TID_SKIN_THEME_LNY",2020,"true","true","true","true","true","false","false","false","false","false"
"PrimalQueen","Archer Queen","false","false",1500,"20210301T0800","TID_PRIMAL_QUEEN","image/skin_icons/aq_primal_dl_opt.png","sc3d/archerqueen_primal_geo_dl_opt.scw","sc3d/archerqueen_primal_01_dl_opt.pvr","sc3d/archerqueen_primal_01_normal_dl_opt.pvr","sc3d/archerqueen_primal_01_material_dl_opt.pvr",,,"ArcherQueenPrimalSkin",,10000,225,225,"sfx/archer_queen_scream_01.ogg",90,"Archer Queen Deploy","ArcherQueen Attack",,,,,"Archer Queen Die","Queen Ability Effect",,,,"hips_s",,,,,,,,"GOLD",,,,"true","true","true","false","false","false","false","false","false","false"
"ClockworkQueen","Archer Queen","false","false",1500,"20210601T0800","TID_CLOCKWORK_QUEEN","image/skin_icons/aq_clockwork_dl_opt.png","sc3d/archerqueen_clockwork_geo_dl_opt.scw","sc3d/archerqueen_clockwork_01_dl_opt.pvr","sc3d/archerqueen_clockwork_01_normal_dl_opt.pvr","sc3d/archerqueen_clockwork_01_material_dl_opt.pvr",,,"ArcherQueenClockworkSkin",,10000,225,225,"sfx/wood_queen_scream_01_dl_opt.ogg",90,"Wood Archer Queen Deploy","Wood ArcherQueen Attack",,,,,"Wood Archer Queen Die","Queen Ability Effect",,,,"hips_s",,,,,,,,"GOLD",,,,"true","true","true","true","true","true","false","false","false","false"
"PirateQueen","Archer Queen","false","false",1500,"20210901T0800","TID_PIRATE_QUEEN","image/skin_icons/aq_pirate_dl_opt.png","sc3d/archerqueen_pirate_geo_dl_opt.scw","sc3d/archerqueen_pirate_01_dl_opt.pvr","sc3d/archerqueen_pirate_01_normal_dl_opt.pvr","sc3d/archerqueen_pirate_01_material_dl_opt.pvr",,,"ArcherQueenPirateSkin",,10000,225,225,"sfx/archer_queen_scream_01.ogg",90,"Archer Queen Deploy","ArcherQueen Attack",,,,,"Archer Queen Die","Queen Ability Effect",,,,"hips_s",,,,,,,,"GOLD",,,,"true","true","true","false","false","false","false","false","false","false"
"PartyWarden","Grand Warden","false","false",1500,"20120812T0800","TID_PARTY_WARDEN","image/skin_icons/gw_party_dl_opt.png","sc3d/grandwarden_party_geo_dl_opt.scw","sc3d/grandwarden_party_01_dl_opt.pvr",,"sc3d/grandwarden_party_01_material_dl_opt.pvr",,,"GrandWardenPartySkin","GrandWardenFlyPartySkin",10000,225,225,"sfx/pwdeploy01_dl_opt.ogg",90,"Party Warden Deploy","Party Warden Attack",,"Party Warden Attack Air",,,"Party Warden Die",,,,"L_gunbone_01_s","hips_s",,,,,,,,"GOLD","image/theme_icons/party_icon_dl_opt.png","TID_SKIN_THEME_ANNIVERSARY",2019,"true","true","true","false","true","true","false","false","false","false"
"PrimalWarden","Grand Warden","false","false",1500,"20120812T0800","TID_PRIMAL_WARDEN","image/skin_icons/gw_primal_dl_opt.png","sc3d/grandwarden_primal_geo_dl_opt.scw","sc3d/grandwarden_primal_01_dl_opt.pvr",,"sc3d/grandwarden_primal_01_material_dl_opt.pvr",,,"GrandWardenPrimalSkin","GrandWardenFlyPrimalSkin",10000,225,225,"sfx/tap_grand_warden_04.ogg",90,"Grand Warden Deploy","GrandWarden Attack",,"GrandWarden Attack Air",,,"Grand Warden Die",,,,"L_gunbone_01_s","hips_s",,,,,,,,"GOLD",,,,"true","true","false","false","false","false","false","false","false","false"
"ClockworkWarden","Grand Warden","false","false",1500,"20210401T0800","TID_CLOCKWORK_WARDEN","image/skin_icons/gw_clockwork_dl_opt.png","sc3d/grandwarden_clockwork_geo_dl_opt.scw","sc3d/grandwarden_clockwork_01_dl_opt.pvr","sc3d/grandwarden_clockwork_01_normal_dl_opt.pvr","sc3d/grandwarden_clockwork_01_material_dl_opt.pvr","sc3d/grandwarden_clockwork_01_emission_dl_opt.pvr",,"GrandWardenClockworkSkin","GrandWardenFlyClockworkSkin",10000,225,225,"sfx/wooden_warden_tap_01_dl_opt.ogg",90,"Wood Warden Deploy","ClockworkWarden Attack",,"ClockworkWarden Attack Air",,,"Wood Warden Die",,,"clockwork_glow","L_gunbone_01_s","hips_s",,,,,,,,"GOLD",,,,"true","true","true","true","true","true","false","false","false","false"
"GladiatorWarden","Grand Warden","false","false",1500,"20210701T0800","TID_GRAND_WARDEN_GLADIATOR","image/skin_icons/gw_gladiator_dl_opt.png","sc3d/grandwarden_gladiator_geo_dl_opt.scw","sc3d/grandwarden_gladiator_01_dl_opt.pvr","sc3d/grandwarden_gladiator_01_normal_dl_opt.pvr","sc3d/grandwarden_gladiator_01_material_dl_opt.pvr",,,"GrandWardenGladiatorSkin","GrandWardenFlyGladiatorSkin",10000,225,225,,,"Grand Warden Deploy","GladiatorWarden Attack",,"GladiatorWarden Attack Air",,,"Grand Warden Die",,,,"L_gunbone_01_s","hips_s",,,,,,,,"GOLD",,,,"true","true","true","false","false","false","false","false","false","false"
"PirateWarden","Grand Warden","false","false",1500,"20211001T0800","TID_PIRATE_WARDEN","image/skin_icons/gw_pirate_dl_opt.png","sc3d/grandwarden_pirate_geo_dl_opt.scw","sc3d/grandwarden_pirate_01_dl_opt.pvr","sc3d/grandwarden_pirate_01_normal_dl_opt.pvr","sc3d/grandwarden_pirate_01_material_dl_opt.pvr",,,"GrandWardenPirateSkin","GrandWardenFlyPirateSkin",10000,225,225,"sfx/tap_grand_warden_04.ogg",90,"Grand Warden Deploy","PirateWarden Attack",,"PirateWarden Attack2",,,"Grand Warden Die",,,,"L_gunbone_01_s","hips_s",,,,,,,,"GOLD",,,,"true","true","true","false","false","false","false","false","false","false"
"NorthWarden","Grand Warden","false","false",1500,"20220101T0800","TID_WARDEN_OF_THE_NORTH","image/skin_icons/gw_winter_dl_opt.png","sc3d/grandwarden_winter_geo_dl_opt.scw","sc3d/grandwarden_winter_01_dl_opt.pvr","sc3d/grandwarden_winter_01_normal_dl_opt.pvr","sc3d/grandwarden_winter_01_material_dl_opt.pvr",,,"GrandWardenWinterSkin","GrandWardenFlyWinterSkin",10000,225,225,"sfx/tap_grand_warden_04.ogg",90,"Grand Warden Deploy","GrandWarden Attack",,"GrandWarden Attack Air",,,"Grand Warden Die",,,,"particle_jnt","hips_s",,,,,,,,"GOLD",,,,"true","true","true","false","false","false","false","false","false","false"
"JungleWarden","Grand Warden","false","false",1500,"20220501T0800","TID_JUNGLE_WARDEN","image/skin_icons/gw_jungle_dl_opt.png","sc3d/grandwarden_jungle_geo_dl_opt.glb","sc3d/grandwarden_jungle_a_dl_opt.pvr","sc3d/grandwarden_jungle_n_dl_opt.pvr","sc3d/grandwarden_jungle_m_dl_opt.pvr",,,"GrandWardenJungleSkin","GrandWardenFlyJungleSkin",10000,225,225,"sfx/tap_grand_warden_04.ogg",90,"Grand Warden Deploy","GrandWarden Attack",,"GrandWarden Attack Air",,,"Grand Warden Die",,,,"particle_jnt","hips_s",,,,,,,,"GOLD",,,,"true","true","true","false","false","false","false","false","false","false"
"MasterWarden","Grand Warden","false","false",1500,"20221001T0800","TID_MASTER_WARDEN","image/skin_icons/gw_kungfu_dl_opt.png","sc3d/grandwarden_kungfu_geo_dl_opt.glb","sc3d/grandwarden_kungfu_a_dl_opt.pvr","sc3d/grandwarden_kungfu_n_dl_opt.pvr","sc3d/grandwarden_kungfu_m_dl_opt.pvr",,,"GrandWardenKungfuSkin","GrandWardenFlyKungfuSkin",10000,225,225,"sfx/tap_grand_warden_04.ogg",90,"Grand Warden Deploy","KungfuWarden Attack",,"KungfuWarden Attack Air",,,"Grand Warden Die",,,,"leafs_s","hips_s",,,,,,,,"GOLD",,,,"true","true","true","false","false","false","false","false","false","false"
"WarriorPrincessDefault","Warrior Princess","true","false",0,,"TID_HERO_ROYAL_CHAMPION","image/skin_icons/rc_original.png","sc3d/royalchampion_default_geo.glb","sc3d/royalchampion_default_a.pvr","sc3d/royalchampion_default_n.pvr","sc3d/royalchampion_default_m.pvr",,,"WarriorPrincessDefaultSkin",,10000,225,225,"sfx/rg_alert_01.ogg",90,"Royal Champion Deploy","Warrior Princess Attack",,,,,"Royal Champion Die","Champion Ability Effect",,,"L_weapon_01_s","hips_s",,,,,,,,"DEFAULT",,,,"false","false","false","false","false","false","false","false","false","false"
"WinterChampion","Warrior Princess","false","false",1500,"20211201T0800","TID_WINTER_CHAMPION","image/skin_icons/rc_winter_dl_opt.png","sc3d/royalchampion_winter_geo_dl_opt.scw","sc3d/royalchampion_winter_01_dl_opt.pvr","sc3d/royalchampion_winter_01_normal_dl_opt.pvr","sc3d/royalchampion_winter_01_material_dl_opt.pvr",,,"WarriorPrincessWinterSkin",,10000,225,225,"sfx/rg_alert_01.ogg",90,"Royal Champion Deploy","Warrior Princess Attack",,,,,"Royal Champion Die","Champion Ability Effect",,,"L_gunbone_01_s","hips_s","RoyalChampionWinter spear",,"AmazonQueen_shield_winter",,,,,"GOLD",,,,"true","true","true","false","false","false","false","false","false","false"
"RogueChampion","Warrior Princess","false","false",1500,"20220401T0800","TID_ROGUE_CHAMPION","image/skin_icons/rc_rogue_dl_opt.png","sc3d/royalchampion_rogue_geo_dl_opt.glb","sc3d/royalchampion_rogue_01_dl_opt.pvr","sc3d/royalchampion_rogue_01_normal_dl_opt.pvr","sc3d/royalchampion_rogue_01_material_dl_opt.pvr",,,"WarriorPrincessRogueSkin",,10000,225,225,"sfx/rg_alert_01.ogg",90,"Royal Champion Deploy","Warrior Princess Attack",,,,,"Royal Champion Die","Champion Ability Effect",,,"L_weapon_01_s","hips_s","RoyalChampionRogue spear",,"AmazonQueen_shield_rogue",,,,,"GOLD",,,,"true","true","true","false","false","false","false","false","false","false"
"JungleChampion","Warrior Princess","false","false",0,,"TID_JUNGLE_CHAMPION","image/skin_icons/rc_jungle_dl_opt.png","sc3d/royalchampion_jungle_geo_dl_opt.glb","sc3d/royalchampion_jungle_01_dl_opt.pvr","sc3d/royalchampion_jungle_01_normal_dl_opt.pvr","sc3d/royalchampion_jungle_01_material_dl_opt.pvr",,,"WarriorPrincessJungleSkin",,10000,225,225,"sfx/rg_alert_01.ogg",90,"Royal Champion Deploy","Warrior Princess Attack",,,,,"Royal Champion Die","Champion Ability Effect",,,"L_weapon_01_s","hips_s","RoyalChampionJungle spear",,"RoyalChampionJungle shield",,,,,"BASIC",,,,"true","true","true","false","false","false","false","false","false","false"
"GladiatorChampion","Warrior Princess","false","false",1500,"20220901T0800","TID_GLADIATOR_CHAMPION","image/skin_icons/rc_champion_dl_opt.png","sc3d/royalchampion_electro_geo_dl_opt.glb","sc3d/royalchampion_electro_a_dl_opt.pvr","sc3d/royalchampion_electro_n_dl_opt.pvr","sc3d/royalchampion_electro_m_dl_opt.pvr","sc3d/royalchampion_electro_e_dl_opt.pvr",,"WarriorPrincessElectroSkin",,10000,225,225,"sfx/rg_alert_01.ogg",90,"Royal Champion Deploy","Warrior Princess Attack",,,,,"Royal Champion Die","Champion Ability Effect",,,"L_weapon_01_s","hips_s","RoyalChampionGladiator spear",,"RoyalChampionGladiator shield",,,,,"GOLD",,,,"true","true","true","false","false","false","false","false","false","false"
"ShadowChampion","Warrior Princess","false","false",1500,"20230301T0800","TID_SHADOW_CHAMPION","image/skin_icons/rc_dark_dl_opt.png","sc3d/royalchampion_dark_geo_dl_opt.glb","sc3d/royalchampion_dark_a_dl_opt.pvr","sc3d/royalchampion_dark_n_dl_opt.pvr","sc3d/royalchampion_dark_m_dl_opt.pvr","sc3d/royalchampion_dark_e_dl_opt.pvr",,"WarriorPrincessDarkSkin",,10000,225,225,,,"Royal Champion Deploy","DRC Attack",,,,,"Royal Champion Die","Champion Ability Effect",,,"L_weapon_01_s","hips_s","RoyalChampionDark spear",,"RoyalChampionDark shield",,,,,"GOLD",,,,"true","true","true","false","false","false","false","false","false","false"
"PrimalChampion","Warrior Princess","false","false",0,,"TID_PRIMAL_CHAMPION","image/skin_icons/rc_primal_dl_opt.png","sc3d/royalchampion_prc_geo_dl_opt.glb","sc3d/royalchampion_prc_a_dl_opt.pvr","sc3d/royalchampion_prc_n_dl_opt.pvr","sc3d/royalchampion_prc_m_dl_opt.pvr","sc3d/royalchampion_prc_e_dl_opt.pvr",,"WarriorPrincessPRCSkin",,10000,225,225,,,"Primal Champion Deploy","Primal Champion Attack",,,,,"Primal Champion Die","Primal Champion Ability Effect",,,"L_weapon_01_s","hips_s","RoyalChampionPrimal spear",,"RoyalChampionPrimal shield",,,,,"LEGENDARY",,,,"true","true","true","true","true","false","false","false","false","false"
"SummerChampion","Warrior Princess","false","false",0,,"TID_SUMMER_CHAMPION","image/skin_icons/rc_summer_dl_opt.png","sc3d/royalchampion_summer_geo_dl_opt.glb","sc3d/royalchampion_summer_a_dl_opt.pvr","sc3d/royalchampion_summer_n_dl_opt.pvr","sc3d/royalchampion_summer_m_dl_opt.pvr",,,"WarriorPrincessSummerSkin",,10000,225,225,,,"Summer Champion Deploy","Summer Champion Attack",,,,,"Summer Champion Die","Summer Champion Ability Effect",,,"L_weapon_01_s","hips_s","RoyalChampionSummer spear",,"RoyalChampionSummer shield",,,,,"BASIC",,,,"true","true","true","false","false","false","false","false","false","false"
"PixelChampion","Warrior Princess","false","false",0,,"TID_PIXEL_CHAMPION","image/skin_icons/rc_pixel_dl_opt.png","sc3d/royalchampion_pixel_geo_dl_opt.glb","sc3d/royalchampion_pixel_a_dl_opt.pvr","sc3d/royalchampion_pixel_a_dl_opt.pvr","sc3d/royalchampion_pixel_m_dl_opt.pvr","sc3d/royalchampion_pixel_a_dl_opt.pvr",,"WarriorPrincessPixelSkin",,10000,225,225,,,"Pixel Champion Spawn Effect","Pixel Champion Attack",,,,,"Pixel Champion Die","Pixel Champion Ability Effect",,,"L_weapon_01_s","hips_s","RoyalChampionPixel spear",,"RoyalChampionPixel shield",,,,,"LEGENDARY",,,,"true","true","true","true","true","false","false","false","false","false"
"PartyChampion","Warrior Princess","false","false",1500,"20230801T0800","TID_PARTY_CHAMPION","image/skin_icons/rc_party_dl_opt.png","sc3d/royalchampion_party_geo_dl_opt.glb","sc3d/royalchampion_party_a_dl_opt.pvr","sc3d/royalchampion_party_n_dl_opt.pvr","sc3d/royalchampion_party_m_dl_opt.pvr",,,"WarriorPrincessPartySkin",,10000,225,225,,,"Party Champion Deploy","Party Champion Attack",,,,,"Party Champion Die","Party Champion Ability Effect",,,"L_weapon_01_s","hips_s","RoyalChampionParty spear",,"RoyalChampionParty shield",,,,,"GOLD","image/theme_icons/party_icon_dl_opt.png","TID_SKIN_THEME_ANNIVERSARY",2022,"true","true","true","false","false","false","false","false","false","false"
"TH15Champion","Warrior Princess","false","false",0,,"TID_TH15_CHAMPION","image/skin_icons/rc_magic_dl_opt.png","sc3d/royalchampion_th15_geo_dl_opt.glb","sc3d/royalchampion_th15_a_dl_opt.pvr","sc3d/royalchampion_th15_n_dl_opt.pvr","sc3d/royalchampion_th15_m_dl_opt.pvr","sc3d/royalchampion_th15_e_dl_opt.pvr",,"WarriorPrincessTH15Skin",,10000,225,225,,,"Th15 RC Deploy",,,,,,"Party Champion Die","Party Champion Ability Effect",,,"L_weapon_01_s","hips_s","RoyalChampionTH15 spear",,"RoyalChampionTh15 shield",,,,,"LEGENDARY",,,,"true","true","true","true","true","false","false","false","false","false"
"PirateChampion","Warrior Princess","false","false",1500,"20231101T0800","TID_PIRATE_CHAMPION","image/skin_icons/rc_pirate_dl_opt.png","sc3d/royalchampion_pirate_geo_dl_opt.glb","sc3d/royalchampion_pirate_a_dl_opt.pvr","sc3d/royalchampion_pirate_n_dl_opt.pvr","sc3d/royalchampion_pirate_m_dl_opt.pvr",,,"WarriorPrincessPirateSkin",,10000,225,225,,,"Royal Champion Deploy",,,,,,"Royal Champion Die",,,,"L_weapon_01_s","hips_s","RoyalChampionPirate spear",,"RoyalChampionPirate shield",,,,,"GOLD",,,,"true","true","true","false","false","false","false","false","false","false"
"RoyalChampion012","Warrior Princess","false","false",0,,"TID_JOLLY_CHAMPION","image/skin_icons/rc_jolly_dl_opt.png","sc3d/royalchampion_jolly_geo_dl_opt.glb","sc3d/royalchampion_jolly_a_dl_opt.pvr","sc3d/royalchampion_jolly_n_dl_opt.pvr","sc3d/royalchampion_jolly_m_dl_opt.pvr",,,"WarriorPrincessJollySkin",,10000,225,225,,,"JollyChampion_Deploy_SFX",,,,,,"Royal Champion Die",,,,"L_weapon_01_s","hips_s","RoyalChampionJolly spear",,"RoyalChampionJolly shield",,,,,"LEGENDARY",,,,"true","true","true","false","false","false","false","false","false","false"
"RoyalChampion013","Warrior Princess","false","true",0,,,,,,,,,,,,,,,,,,,,,,,,,,,,,,,,,,,,,,,,"false","false","false","false","false","false","false","false","false","false"
"RoyalChampion014","Warrior Princess","false","true",0,,,,,,,,,,,,,,,,,,,,,,,,,,,,,,,,,,,,,,,,"false","false","false","false","false","false","false","false","false","false"
"RoyalChampion015","Warrior Princess","false","true",0,,,,,,,,,,,,,,,,,,,,,,,,,,,,,,,,,,,,,,,,"false","false","false","false","false","false","false","false","false","false"
"RoyalChampion016","Warrior Princess","false","true",0,,,,,,,,,,,,,,,,,,,,,,,,,,,,,,,,,,,,,,,,"false","false","false","false","false","false","false","false","false","false"
"WarriorKing","Barbarian King","false","false",0,,"TID_WARRIOR_KING","image/skin_icons/bk_cny_dl_opt.png","sc3d/barbking_cny_geo_dl_opt.scw","sc3d/barbking_cny_01_dl_opt.pvr","sc3d/barbking_cny_01_normal_dl_opt.pvr","sc3d/barbking_cny_01_material_dl_opt.pvr",,,"BarbarianKingCNYSkin",,10000,225,225,,,"CNY King Deploy","Barbarian King Attack",,,,,"CNY King Die","CNY King Ability Effect",,,,"hips_s",,,,,,,,"LEGENDARY","image/theme_icons/lunar_ny_icon_dl_opt.png","TID_SKIN_THEME_LNY",2021,"true","true","true","true","true","true","false","false","false","false"
"RogueKing","Barbarian King","false","false",1500,"20220301T0800","TID_ROGUE_KING","image/skin_icons/bk_rogue_dl_opt.png","sc3d/barbking_rogue_geo_dl_opt.scw","sc3d/barbking_rogue_01_dl_opt.pvr","sc3d/barbking_rogue_01_normal_dl_opt.pvr","sc3d/barbking_rogue_01_material_dl_opt.pvr",,,"BarbarianKingRogueSkin",,10000,225,225,"sfx/barbarian_king_scream_01.ogg",80,"Barbarian King Deploy","Barbarian King Attack",,,,,"Barbarian King Die","King Ability Effect",,,,"hips_s",,,,,,,,"GOLD",,,,"true","true","true","false","false","false","false","false","false","false"
,,,,,,,,,,,,,,,,,,,"sfx/barbarian_king_deploy.ogg",90,,,,,,,,,,,,,,,,,,,,,,,,,,,,,,,,,
"SavageKing","Barbarian King","false","false",0,,"TID_SAVAGE_KING","image/skin_icons/bk_savage_dl_opt.png","sc3d/barbking_savage_geo_dl_opt.glb","sc3d/barbking_savage_a_dl_opt.pvr","sc3d/barbking_savage_n_dl_opt.pvr","sc3d/barbking_savage_m_dl_opt.pvr",,,"BarbarianKingSavageSkin",,10000,225,225,"sfx/barbarian_king_scream_01.ogg",80,"Barbarian King Deploy","Barbarian King Attack",,,,,"Barbarian King Die","King Ability Effect",,,,"hips_s",,,,,,"oni",,"BASIC",,,,"true","true","true","false","false","false","false","false","false","false"
,,,,,,,,,,,,,,,,,,,"sfx/barbarian_king_deploy.ogg",90,,,,,,,,,,,,,,,,,,,,,,,,,,,,,,,,,
"JungleKing","Barbarian King","false","false",1500,"20220701T0800","TID_JUNGLE_KING","image/skin_icons/bk_jungle_dl_opt.png","sc3d/barbking_jungle_geo_dl_opt.glb","sc3d/barbking_jungle_a_dl_opt.pvr","sc3d/barbking_jungle_n_dl_opt.pvr","sc3d/barbking_jungle_m_dl_opt.pvr",,,"BarbarianKingJungleSkin",,10000,225,225,"sfx/barbarian_king_scream_01.ogg",80,"Barbarian King Deploy","Barbarian King Attack",,,,,"Barbarian King Die","King Ability Effect",,,,"hips_s",,,,,,,,"GOLD",,,,"true","true","true","false","false","false","false","false","false","false"
,,,,,,,,,,,,,,,,,,,"sfx/barbarian_king_deploy.ogg",90,,,,,,,,,,,,,,,,,,,,,,,,,,,,,,,,,
"AnniversaryKing","Barbarian King","false","false",0,,"TID_ANNIVERSARY_KING","image/skin_icons/bk_party2_dl_opt.png","sc3d/barbking_party2_geo_dl_opt.glb","sc3d/barbking_party2_a_dl_opt.pvr","sc3d/barbking_party2_n_dl_opt.pvr","sc3d/barbking_party2_m_dl_opt.pvr","sc3d/barbking_party2_e_dl_opt.pvr",,"BarbarianKingAnniversarySkin",,10000,225,225,,,"Party King 2 Deploy","Party King 2 Attack",,,,,"Barbarian King Die","Party King 2 Ability Effect",,"party_bk_purple","B_effect_jnt","hips_s",,,,"BarbarianParty",,,,"LEGENDARY","image/theme_icons/party_icon_dl_opt.png","TID_SKIN_THEME_ANNIVERSARY",2021,"true","true","true","true","true","true","true","true","false","false"
"GolemKing","Barbarian King","false","false",1500,"20221101T0800","TID_GOLEM_KING","image/skin_icons/bk_golem_dl_opt.png","sc3d/barbking_golem_geo_dl_opt.glb","sc3d/barbking_golem_a_dl_opt.pvr","sc3d/barbking_golem_n_dl_opt.pvr","sc3d/barbking_golem_m_dl_opt.pvr",,,"BarbarianKingGolemSkin",,10000,225,225,,,"Golem King Deploy","Golem King Attack",,,,,"Golem King Die","Golem King Ability Effect",,,,"hips_s",,,,,,,,"GOLD",,,,"true","true","true","false","false","false","false","false","false","false"
"IceKing","Barbarian King","false","false",0,,"TID_ICE_KING","image/skin_icons/bk_ice_dl_opt.png","sc3d/barbking_ice_geo_dl_opt.glb","sc3d/barbking_ice_a_dl_opt.pvr","sc3d/barbking_ice_n_dl_opt.pvr","sc3d/barbking_ice_m_dl_opt.pvr","sc3d/barbking_ice_e_dl_opt.pvr",,"BarbarianKingIceSkin",,10000,225,225,,,"Ice_King_Deploy","Ice_King_Atk_Sfx",,,,,"Ice_King_Die","Ice_King_Ability_Effect","Ice King Spawn Effect",,,"hips_s",,,,"BarbarianIce",,,,"LEGENDARY",,,,"true","true","true","true","true","true","true","false","false","false"
"TigerKing","Barbarian King","false","false",0,,"TID_TIGER_KING","image/skin_icons/bk_tiger_dl_opt.png","sc3d/barbking_tiger_geo_dl_opt.glb","sc3d/barbking_tiger_a_dl_opt.pvr","sc3d/barbking_tiger_n_dl_opt.pvr","sc3d/barbking_tiger_m_dl_opt.pvr",,,"BarbarianKingTigerSkin",,10000,225,225,,,"Tiger King Spawn Effect","Tiger King Attack",,,,"Tiger King hit","Barbarian King Die","Tiger King Ability Effect",,,,"hips_s",,,,"BarbarianTiger",,,,"LEGENDARY","image/theme_icons/lunar_ny_icon_dl_opt.png","TID_SKIN_THEME_LNY",2022,"true","true","true","true","true","true","true","false","false","false"
"ShadowKing","Barbarian King","false","false",1500,"20230401T0800","TID_SHADOW_KING","image/skin_icons/bk_shadow_dl_opt.png","sc3d/barbking_shadow_geo_dl_opt.glb","sc3d/barbking_shadow_a_dl_opt.pvr","sc3d/barbking_shadow_n_dl_opt.pvr","sc3d/barbking_shadow_m_dl_opt.pvr",,,"BarbarianKingShadowSkin",,10000,225,225,,,"Shadow King Deploy",,,,,"Shadow King Hit","Shadow King Die","Shadow King Ability Effect",,,,"hips_s",,,,,,,,"GOLD",,,,"true","true","false","false","true","false","false","false","false","false"
"SummerKing","Barbarian King","false","false",0,,"TID_SUMMER_KING","image/skin_icons/bk_summer_dl_opt.png","sc3d/barbking_summer_geo_dl_opt.glb","sc3d/barbking_summer_a_dl_opt.pvr","sc3d/barbking_summer_n_dl_opt.pvr","sc3d/barbking_summer_m_dl_opt.pvr",,,"BarbarianKingSummerSkin",,10000,225,225,,,"Summer King Spawn Effect",,,,,"Summer King Hit","Summer King Die","Summer King Ability Effect",,,,"hips_s",,,,"BarbarianSummer",,,,"LEGENDARY",,,,"true","true","true","true","true","false","true","false","false","false"
"PixelKing","Barbarian King","false","false",0,,"TID_PIXEL_KING","image/skin_icons/bk_pixel_dl_opt.png","sc3d/barbking_pixel_geo_dl_opt.glb","sc3d/barbking_pixel_a_dl_opt.pvr","sc3d/barbking_pixel_a_dl_opt.pvr","sc3d/barbking_pixel_m_dl_opt.pvr","sc3d/barbking_pixel_a_dl_opt.pvr",,"BarbarianKingPixelSkin",,10000,225,225,,,"Pixel King Spawn Effect",,,,,"Pixel King Hit","Pixel King Die","Pixel King Ability Effect",,,,"hips_s",,,,"BarbarianPixel",,,,"LEGENDARY",,,,"true","true","true","true","true","false","false","false","false","false"
"ClashFestKing","Barbarian King","false","false",1500,"20230901T0800","TID_CLASHFEST_KING","image/skin_icons/bk_clashfest_dl_opt.png","sc3d/barbking_clashfest_geo_dl_opt.glb","sc3d/barbking_clashfest_a_dl_opt.pvr","sc3d/barbking_clashfest_n_dl_opt.pvr","sc3d/barbking_clashfest_m_dl_opt.pvr",,,"BarbarianKingClashFestSkin",,10000,225,225,,,"Barbarian King Deploy",,,,,"Pixel King Hit","Barbarian King Die","Pixel King Ability Effect",,,,"hips_s",,,,,,,,"GOLD",,,,"true","true","true","true","true","false","false","false","false","false"
"RogueQueen","Archer Queen","false","false",1500,"20220201T0800","TID_ROGUE_QUEEN","image/skin_icons/aq_rogue_dl_opt.png","sc3d/archerqueen_rogue_geo_dl_opt.scw","sc3d/archerqueen_rogue_01_dl_opt.pvr",,"sc3d/archerqueen_rogue_01_material_dl_opt.pvr",,,"ArcherQueenRogueSkin",,10000,225,225,"sfx/archer_queen_scream_01.ogg",90,"Archer Queen Deploy","ArcherQueen Attack",,,,,"Archer Queen Die","Queen Ability Effect",,,,"hips_s",,,,,,,,"GOLD",,,,"true","true","true","false","false","false","false","false","false","false"
"JungleQueen","Archer Queen","false","false",1500,"20220601T0800","TID_JUNGLE_QUEEN","image/skin_icons/aq_jungle_dl_opt.png","sc3d/archerqueen_jungle_geo_dl_opt.glb","sc3d/archerqueen_jungle_a_dl_opt.pvr","sc3d/archerqueen_jungle_n_dl_opt.pvr","sc3d/archerqueen_jungle_m_dl_opt.pvr",,,"ArcherQueenJungleSkin",,10000,225,225,"sfx/archer_queen_scream_01.ogg",90,"Archer Queen Deploy","ArcherQueen Attack",,,,,"Archer Queen Die","Queen Ability Effect",,,"arrow_bow_s","hips_s",,,,,,,,"GOLD",,,,"true","true","true","false","false","false","false","false","false","false"
"PartyQueen","Archer Queen","false","false",1500,"20220801T0800","TID_PARTY_QUEEN","image/skin_icons/aq_party_dl_opt.png","sc3d/archerqueen_party_geo_dl_opt.glb","sc3d/archerqueen_party_a_dl_opt.pvr","sc3d/archerqueen_party_n_dl_opt.pvr","sc3d/archerqueen_party_m_dl_opt.pvr",,,"ArcherQueenPartySkin",,10000,225,225,"sfx/archer_queen_scream_01.ogg",90,"Archer Queen Deploy","ArcherQueen Attack",,,,,"Archer Queen Die","Queen Ability Effect",,,,"hips_s","ArcherQueenParty_arrow","ArcherQueenParty_arrow_rage",,,,,,"GOLD","image/theme_icons/party_icon_dl_opt.png","TID_SKIN_THEME_ANNIVERSARY",2021,"true","true","true","false","false","false","false","false","false","false"
"ChampionQueen","Archer Queen","false","false",0,,"TID_CHAMPION_QUEEN","image/skin_icons/aq_champion_dl_opt.png","sc3d/archerqueen_champion_geo_dl_opt.glb","sc3d/archerqueen_champion_a_dl_opt.pvr","sc3d/archerqueen_champion_n_dl_opt.pvr","sc3d/archerqueen_champion_m_dl_opt.pvr",,,"ArcherQueenChampionSkin",,10000,225,225,,,"Champion Queen Spawn Effect Offset","Champion Queen Attack",,,,"Champion Queen hit","Archer Queen Die","Champion Queen Ability Effect","Champion Queen Spawn Effect",,"arrow_s","hips_s","ArcherQueenChamp arrow","ArcherQueenChamp arrow rage",,"ArcherChamp",,,,"LEGENDARY","image/theme_icons/champion_icon_dl_opt.png","TID_SKIN_THEME_WORLDS",2021,"true","true","true","true","true","false","true","false","false","false"
"ShadowQueen","Archer Queen","false","false",1500,"20230101T0800","TID_SHADOW_QUEEN","image/skin_icons/aq_dark_dl_opt.png","sc3d/archerqueen_dark_geo_dl_opt.glb","sc3d/archerqueen_dark_a_dl_opt.pvr","sc3d/archerqueen_dark_n_dl_opt.pvr","sc3d/archerqueen_dark_m_dl_opt.pvr",,,"ArcherQueenDarkSkin",,10000,225,225,,,"Archer Queen Deploy","DAQ Attack",,,,,"Archer Queen Die","Queen Ability Effect",,,"arrow_01_s","hips_s","ArcherQueenDark arrow","ArcherQueenDark arrow rage",,,,,,"GOLD",,,,"true","true","true","false","true","false","false","false","false","false"
"MinerQueen","Archer Queen","false","false",1500,"20230501T0800","TID_MINER_QUEEN","image/skin_icons/aq_miner_dl_opt.png","sc3d/archerqueen_miner_geo_dl_opt.glb","sc3d/archerqueen_miner_a_dl_opt.pvr","sc3d/archerqueen_miner_n_dl_opt.pvr","sc3d/archerqueen_miner_m_dl_opt.pvr",,,"ArcherQueenMinerSkin",,10000,225,225,,,"Miner Queen Deploy","Miner Queen Attack",,,,"Miner Queen Hit","Miner Queen Die","Miner Queen Ability Effect",,,"bomb_s","hips_s","ArcherQueenMiner arrow","ArcherQueenMiner arrow rage",,,,,,"GOLD",,,,"true","true","true","true","true","false","false","false","false","false"
"SummerQueen","Archer Queen","false","false",1500,"20230701T0800","TID_SUMMER_QUEEN","image/skin_icons/aq_summer_dl_opt.png","sc3d/archerqueen_summer_geo_dl_opt.glb","sc3d/archerqueen_summer_a_dl_opt.pvr","sc3d/archerqueen_summer_n_dl_opt.pvr","sc3d/archerqueen_summer_m_dl_opt.pvr",,,"ArcherQueenSummerSkin",,10000,225,225,,,"Summer Queen Deploy","Summer Queen Attack",,,,"Summer Queen Hit","Summer Queen Die","Summer Queen Ability Effect",,,"weaponArrow_s","hips_s","ArcherQueenSummer_arrow","ArcherQueenSummer arrow rage",,,,,,"GOLD",,,,"true","true","true","true","true","false","false","false","false","false"
"PixelQueen","Archer Queen","false","false",0,,"TID_PIXEL_QUEEN","image/skin_icons/aq_pixel_dl_opt.png","sc3d/archerqueen_pixel_geo_dl_opt.glb","sc3d/archerqueen_pixel_a_dl_opt.pvr","sc3d/archerqueen_pixel_a_dl_opt.pvr","sc3d/archerqueen_pixel_m_dl_opt.pvr","sc3d/archerqueen_pixel_a_dl_opt.pvr",,"ArcherQueenPixelSkin",,10000,225,225,,,"Pixel Queen Deploy Effect","Pixel Queen Attack",,,,"Pixel Queen Hit","Pixel Queen Die","Pixel Queen Ability Effect",,,"R_weapon_01_s","hips_s","ArcherQueenPixel_arrow","ArcherQueenPixel arrow rage",,"ArcherPixel",,,,"LEGENDARY",,,,"true","true","true","true","true","false","false","false","false","false"
"SpookyQueen","Archer Queen","false","false",1500,"20231001T0800","TID_SPOOKY_QUEEN","image/skin_icons/aq_spooky_dl_opt.png","sc3d/archerqueen_spooky_geo_dl_opt.glb","sc3d/archerqueen_spooky_a_dl_opt.pvr","sc3d/archerqueen_spooky_n_dl_opt.pvr","sc3d/archerqueen_spooky_m_dl_opt.pvr",,,"ArcherQueenSpookySkin",,10000,225,225,,,"AQ_Spooky_Deploy","AQ_Spooky_Atk_Mute",,,,,"AQ_Spooky_Die","Queen Ability Effect",,,"L_weapon_01_s","hips_s",,,,,,,,"GOLD",,,,"true","true","true","true","true","false","false","false","false","false"
"TH15Queen","Archer Queen","false","false",0,,"TID_TH15_QUEEN","image/skin_icons/aq_magic_dl_opt.png","sc3d/archerqueen_th15_geo_dl_opt.glb","sc3d/archerqueen_th15_a_dl_opt.pvr","sc3d/archerqueen_th15_n_dl_opt.pvr","sc3d/archerqueen_th15_m_dl_opt.pvr","sc3d/archerqueen_th15_e_dl_opt.pvr",,"ArcherQueenTH15Skin",,10000,225,225,,,"TH15 AQ Dep","ArcherQueen Attack",,,,,"Archer Queen Die","Queen Ability Effect",,,"L_weapon_01_s","hips_s","ArcherQueenTH15_arrow","ArcherQueenTH15 arrow rage",,"ArcherMagic",,,,"LEGENDARY",,,,"true","true","true","true","true","false","true","false","false","false"
"ArcherQueen019","Archer Queen","false","false",1500,"20231201T0800","TID_JOLLY_QUEEN","image/skin_icons/aq_jolly_dl_opt.png","sc3d/archerqueen_jolly_geo_dl_opt.glb","sc3d/archerqueen_jolly_a_dl_opt.pvr","sc3d/archerqueen_jolly_n_dl_opt.pvr","sc3d/archerqueen_jolly_m_dl_opt.pvr",,,"ArcherQueenJollySkin",,10000,225,225,,,"Archer Queen Deploy",,,,,,"Archer Queen Die","Queen Ability Effect",,,"L_weapon_01_s","hips_s","ArcherQueenJolly_arrow","ArcherQueenJolly arrow rage",,,,,,"GOLD",,,,"true","true","true","true","true","false","false","false","false","false"
"ArcherQueen020","Archer Queen","false","true",0,,,,,,,,,,,,,,,,,,,,,,,,,,,,,,,,,,,,,,,,"false","false","false","false","false","false","false","false","false","false"
"JollyWarden","Grand Warden","false","false",1500,"20221201T0800","TID_JOLLY_WARDEN","image/skin_icons/gw_jolly_dl_opt.png","sc3d/grandwarden_jolly_geo_dl_opt.glb","sc3d/grandwarden_jolly_a_dl_opt.pvr","sc3d/grandwarden_jolly_n_dl_opt.pvr","sc3d/grandwarden_jolly_m_dl_opt.pvr",,,"GrandWardenJollySkin","GrandWardenFlyJollySkin",10000,225,225,,,"Jolly Warden Deploy","JollyWarden Attack",,"JollyWarden Attack Air",,,"Grand Warden Die",,,,"staff_fx_jnt","hips_s",,,,,,,,"GOLD",,,,"true","true","true","true","false","false","false","false","false","false"
"WarriorWarden","Grand Warden","false","false",1500,"20230201T0800","TID_WARRIOR_WARDEN","image/skin_icons/gw_warrior_dl_opt.png","sc3d/grandwarden_warrior_geo_dl_opt.glb","sc3d/grandwarden_warrior_a_dl_opt.pvr","sc3d/grandwarden_warrior_n_dl_opt.pvr","sc3d/grandwarden_warrior_m_dl_opt.pvr",,,"GrandWardenWarriorSkin","GrandWardenFlyWarriorSkin",10000,225,225,,,"WarriorWarden Deploy","WarriorWarden Attack",,"WarriorWarden Attack2",,,"Grand Warden Die",,,,"weaponj2_s","hips_s",,,,,,,,"GOLD",,,,"true","true","true","true","true","false","false","false","false","false"
"ShadowWarden","Grand Warden","false","false",0,,"TID_SHADOW_WARDEN","image/skin_icons/gw_shadow_dl_opt.png","sc3d/grandwarden_dark_geo_dl_opt.glb","sc3d/grandwarden_dark_a_dl_opt.pvr","sc3d/grandwarden_dark_n_dl_opt.pvr","sc3d/grandwarden_dark_m_dl_opt.pvr","sc3d/grandwarden_dark_e_dl_opt.pvr",,"GrandWardenShadowSkin","GrandWardenFlyShadowSkin",10000,225,225,,,"Shadow Warden Deploy","Shadow Warden Attack",,"Shadow Warden Attack Air",,"Shadow Warden Hit","Shadow Warden Die","Shadow Warden Shield",,,"staff_head_s","hips_s",,,,,,,,"LEGENDARY",,,,"true","true","true","true","true","false","false","false","false","false"
"SummerWarden","Grand Warden","false","false",1500,"20230601T0800","TID_SUMMER_WARDEN","image/skin_icons/gw_summer_dl_opt.png","sc3d/grandwarden_summer_geo_dl_opt.glb","sc3d/grandwarden_summer_a_dl_opt.pvr","sc3d/grandwarden_summer_n_dl_opt.pvr","sc3d/grandwarden_summer_m_dl_opt.pvr",,,"GrandWardenSummerSkin","GrandWardenFlySummerSkin",10000,225,225,,,"Summer Warden Deploy","Summer Warden Attack",,"Summer Warden Attack Air",,"Summer Warden Hit","Summer Warden Die","Summer Warden Ability Effect",,,"megaphone_s","hips_s",,,,,,,,"GOLD",,,,"true","true","true","true","true","false","false","false","false","false"
"PixelWarden","Grand Warden","false","false",0,,"TID_PIXEL_WARDEN","image/skin_icons/gw_pixel_dl_opt.png","sc3d/grandwarden_pixel_geo_dl_opt.glb","sc3d/grandwarden_pixel_a_dl_opt.pvr","sc3d/grandwarden_pixel_a_dl_opt.pvr","sc3d/grandwarden_pixel_m_dl_opt.pvr","sc3d/grandwarden_pixel_a_dl_opt.pvr",,"GrandWardenPixelSkin","GrandWardenFlyPixelSkin",10000,225,225,,,"Pixel Warden Spawn Effect","Pixel Warden Attack",,"Pixel Warden Attack Air",,"Pixel Warden Hit","Pixel Warden Die","Pixel Warden Ability Effect",,,"R_weapon_01_s","hips_s",,,,,,,,"LEGENDARY",,,,"true","true","true","true","true","false","false","false","false","false"
"ChampionWarden","Grand Warden","false","false",0,,"TID_CHAMP_WARDEN","image/skin_icons/gw_champion_dl_opt.png","sc3d/grandwarden_champ_geo_dl_opt.glb","sc3d/grandwarden_champ_a_dl_opt.pvr","sc3d/grandwarden_champ_n_dl_opt.pvr","sc3d/grandwarden_champ_m_dl_opt.pvr","sc3d/grandwarden_champ_e_dl_opt.pvr",,"GrandWardenChampSkin","GrandWardenFlyChampSkin",10000,225,225,,,"GrandwardenChamp Spawn Effect Offset","Champion Warden Attack",,"Champion Warden Attack Air",,"Shadow Warden Hit","Shadow Warden Die","Shadow Warden Shield",,,"bulb_s","hips_s",,,,,,,,"LEGENDARY","image/theme_icons/champion_icon_dl_opt.png","TID_SKIN_THEME_WORLDS",2022,"true","true","true","true","true","false","false","false","false","false"
"TH15Warden","Grand Warden","false","false",0,,"TID_TH15_WARDEN","image/skin_icons/gw_magic_dl_opt.png","sc3d/grandwarden_th15_geo_dl_opt.glb","sc3d/grandwarden_th15_a_dl_opt.pvr","sc3d/grandwarden_th15_n_dl_opt.pvr","sc3d/grandwarden_th15_m_dl_opt.pvr","sc3d/grandwarden_th15_e_dl_opt.pvr",,"GrandWardenTH15Skin","GrandWardenFlyTH15Skin",10000,225,225,,,"GrandWardenTH15Skin_Deploy_SFX","GrandWardenTH15Skin_AtkMute",,"GrandWardenTH15Skin_AtkMute_air",,"Magic Warden Hit","GrandWardenTH15Skin_Die_SFX","Magic Warden Ability Effect",,,"R_weapon_01_s","hips_s",,,,,,,,"LEGENDARY",,,,"true","true","true","true","true","false","false","false","false","false"
"GrandWarden016","Grand Warden","false","true",0,,,,,,,,,,,,,,,,,,,,,,,,,,,,,,,,,,,,,,,,"false","false","false","false","false","false","false","false","false","false"
"GrandWarden017","Grand Warden","false","true",0,,,,,,,,,,,,,,,,,,,,,,,,,,,,,,,,,,,,,,,,"false","false","false","false","false","false","false","false","false","false"
"GrandWarden018","Grand Warden","false","true",0,,,,,,,,,,,,,,,,,,,,,,,,,,,,,,,,,,,,,,,,"false","false","false","false","false","false","false","false","false","false"
"GrandWarden019","Grand Warden","false","true",0,,,,,,,,,,,,,,,,,,,,,,,,,,,,,,,,,,,,,,,,"false","false","false","false","false","false","false","false","false","false"
"GrandWarden020","Grand Warden","false","true",0,,,,,,,,,,,,,,,,,,,,,,,,,,,,,,,,,,,,,,,,"false","false","false","false","false","false","false","false","false","false"
"PetLassiDefault","Barky","true","false",0,,,"image/skin_icons/bk_original.png","sc3d/lassi_default_geo.glb","sc3d/lassi_01_a.pvr","sc3d/lassi_01_n.pvr","sc3d/lassi_01_m.pvr","sc3d/lassi_01_e.pvr",,"PetLassiDefault",,10000,225,225,,,,,,,,,,,,,,"hips_s",,,,,"New",,105,"DEFAULT",,,,"false","false","false","false","false","false","false","false","false","false"
"PetYakDefault","Bulldozer","true","false",0,,,"image/skin_icons/bk_original.png","sc3d/yak_default_geo.glb","sc3d/yak_default_a.pvr","sc3d/yak_default_n.pvr","sc3d/yak_default_m.pvr",,,"PetYakDefault",,10000,225,225,,,,,,,,,,,,,,"hips_s",,,,,"New",,130,"DEFAULT",,,,"false","false","false","false","false","false","false","false","false","false"
"PetEowlDefault","Electrowl","true","false",0,,,"image/skin_icons/bk_original.png","sc3d/electro_owl_default_geo.glb","sc3d/electro_owl_default_a.pvr","sc3d/electro_owl_default_n.pvr","sc3d/electro_owl_default_m.pvr","sc3d/electro_owl_default_e.pvr",,"PetEowlDefault",,10000,225,225,,,,,,,,,,,,,,"hips_s",,,,,"New",,82,"DEFAULT",,,,"false","false","false","false","false","false","false","false","false","false"
"PetUnicornDefault","Unipony","true","false",0,,,"image/skin_icons/bk_original.png","sc3d/unicorn_default_geo.glb","sc3d/unicorn_default_a.pvr","sc3d/unicorn_default_n.pvr","sc3d/unicorn_default_m.pvr","sc3d/unicorn_default_e.pvr",,"PetUnicornDefault",,10000,225,225,,,,,,,,,,,,,,"hips_s",,,,,"New",,95,"DEFAULT",,,,"false","false","false","false","false","false","false","false","false","false"
"CapitalFlyingFortressDefault","Flying Fortress","true","false",0,,,"image/skin_icons/bk_original.png","sc3d/flyingfortress_geo.glb","sc3d/flyingfortress_default_01_a.pvr","sc3d/flyingfortress_default_01_n.pvr","sc3d/flyingfortress_default_01_m.pvr",,,"CapitalFlyingFortress",,9333,225,225,,,,,,,,,,,,"flying_fortress_smoke","cannonEmitter_jnt",,,,,,"New",,130,"DEFAULT",,,,"false","false","false","false","false","false","false","false","false","false"
"CapitalMountainGolemDefault","Mountain Golem","true","false",0,,,"image/skin_icons/bk_original.png","sc3d/megagolem_geo.glb","sc3d/megagolem_default_01_a.pvr","sc3d/megagolem_default_01_n.pvr","sc3d/megagolem_default_01_m.pvr","sc3d/megagolem_default_01_e.pvr",,"CapitalMountainGolem",,38667,225,225,,,,,,,,,,,,,,,,,,,"New",,250,"DEFAULT",,,,"false","false","false","false","false","false","false","false","false","false"
"TH15King","Barbarian King","false","false",0,,"TID_TH15_KING","image/skin_icons/bk_magic_dl_opt.png","sc3d/barbking_th15_geo_dl_opt.glb","sc3d/barbking_th15_a_dl_opt.pvr","sc3d/barbking_th15_n_dl_opt.pvr","sc3d/barbking_th15_m_dl_opt.pvr","sc3d/barbking_th15_e_dl_opt.pvr",,"BarbarianKingTH15Skin",,10000,225,225,,,"TH15 BK Dep",,,,,,"Barbarian King Die","King Ability Effect",,,,"hips_s",,,,"BarbarianMagic",,,,"LEGENDARY",,,,"true","true","true","true","true","false","true","false","false","false"
"BarbarianKing022","Barbarian King","false","true",0,,,,,,,,,,,,,,,,,,,,,,,,,,,,,,,,,,,,,,,,"false","false","false","false","false","false","false","false","false","false"
"BarbarianKing023","Barbarian King","false","true",0,,,,,,,,,,,,,,,,,,,,,,,,,,,,,,,,,,,,,,,,"false","false","false","false","false","false","false","false","false","false"
"BarbarianKing024","Barbarian King","false","true",0,,,,,,,,,,,,,,,,,,,,,,,,,,,,,,,,,,,,,,,,"false","false","false","false","false","false","false","false","false","false"
"BarbarianKing025","Barbarian King","false","true",0,,,,,,,,,,,,,,,,,,,,,,,,,,,,,,,,,,,,,,,,"false","false","false","false","false","false","false","false","false","false"
"BarbarianKing026","Barbarian King","false","true",0,,,,,,,,,,,,,,,,,,,,,,,,,,,,,,,,,,,,,,,,"false","false","false","false","false","false","false","false","false","false"
"BarbarianKing027","Barbarian King","false","true",0,,,,,,,,,,,,,,,,,,,,,,,,,,,,,,,,,,,,,,,,"false","false","false","false","false","false","false","false","false","false"
"BarbarianKing028","Barbarian King","false","true",0,,,,,,,,,,,,,,,,,,,,,,,,,,,,,,,,,,,,,,,,"false","false","false","false","false","false","false","false","false","false"
"BarbarianKing029","Barbarian King","false","true",0,,,,,,,,,,,,,,,,,,,,,,,,,,,,,,,,,,,,,,,,"false","false","false","false","false","false","false","false","false","false"
"BarbarianKing030","Barbarian King","false","true",0,,,,,,,,,,,,,,,,,,,,,,,,,,,,,,,,,,,,,,,,"false","false","false","false","false","false","false","false","false","false"
"ArcherQueen021","Archer Queen","false","true",0,,,,,,,,,,,,,,,,,,,,,,,,,,,,,,,,,,,,,,,,"false","false","false","false","false","false","false","false","false","false"
"ArcherQueen022","Archer Queen","false","true",0,,,,,,,,,,,,,,,,,,,,,,,,,,,,,,,,,,,,,,,,"false","false","false","false","false","false","false","false","false","false"
"ArcherQueen023","Archer Queen","false","true",0,,,,,,,,,,,,,,,,,,,,,,,,,,,,,,,,,,,,,,,,"false","false","false","false","false","false","false","false","false","false"
"ArcherQueen024","Archer Queen","false","true",0,,,,,,,,,,,,,,,,,,,,,,,,,,,,,,,,,,,,,,,,"false","false","false","false","false","false","false","false","false","false"
"ArcherQueen025","Archer Queen","false","true",0,,,,,,,,,,,,,,,,,,,,,,,,,,,,,,,,,,,,,,,,"false","false","false","false","false","false","false","false","false","false"
"ArcherQueen026","Archer Queen","false","true",0,,,,,,,,,,,,,,,,,,,,,,,,,,,,,,,,,,,,,,,,"false","false","false","false","false","false","false","false","false","false"
"ArcherQueen027","Archer Queen","false","true",0,,,,,,,,,,,,,,,,,,,,,,,,,,,,,,,,,,,,,,,,"false","false","false","false","false","false","false","false","false","false"
"ArcherQueen028","Archer Queen","false","true",0,,,,,,,,,,,,,,,,,,,,,,,,,,,,,,,,,,,,,,,,"false","false","false","false","false","false","false","false","false","false"
"ArcherQueen029","Archer Queen","false","true",0,,,,,,,,,,,,,,,,,,,,,,,,,,,,,,,,,,,,,,,,"false","false","false","false","false","false","false","false","false","false"
"ArcherQueen030","Archer Queen","false","true",0,,,,,,,,,,,,,,,,,,,,,,,,,,,,,,,,,,,,,,,,"false","false","false","false","false","false","false","false","false","false"
"PetFrostyDefault","Frosty","true","false",0,,,"image/skin_icons/bk_original.png","sc3d/frosty_default_geo.glb","sc3d/frosty_default_a.pvr","sc3d/frosty_default_n.pvr","sc3d/frosty_default_m.pvr",,,"FrostyDefault",,10000,225,225,,,,,,,,,,,,,"jaw_s","hips_s",,,,,"New",,140,"DEFAULT",,,,"false","false","false","false","false","false","false","false","false","false"
"PetPoisonIguanaDefault","Poison Lizard","true","false",0,,,"image/skin_icons/bk_original.png","sc3d/poisoniguana_default_geo.glb","sc3d/poisoniguana_default_a.pvr","sc3d/poisoniguana_default_n.pvr","sc3d/poisoniguana_default_m.pvr",,,"PoisonIguanaDefault",,10000,225,225,,,,,,,,,,,,,,"hips_s",,,,,"New",,100,"DEFAULT",,,,"false","false","false","false","false","false","false","false","false","false"
"PetPhoenixDefault","Phoenix","true","false",0,,,"image/skin_icons/bk_original.png","sc3d/pheonix_default_geo.glb","sc3d/pheonix_default_a.pvr","sc3d/pheonix_default_n.pvr","sc3d/pheonix_default_m.pvr",,,"PhoenixDefault",,10000,225,225,,,,,,,,,,,,,"jaw_s","hips_s",,,,,"New",,90,"DEFAULT",,,,"false","false","false","false","false","false","false","false","false","false"
"PetDiggyDefault","Diggy","true","false",0,,,"image/skin_icons/bk_original.png","sc3d/diggy_default_geo.glb","sc3d/diggy_default_a.pvr","sc3d/diggy_default_n.pvr","sc3d/diggy_default_m.pvr",,,"DiggyDefault",,10000,225,225,,,,,,,,,,,,,,"hips_s",,,,,"New",,170,"DEFAULT",,,,"false","false","false","false","false","false","false","false","false","false"
"PetPhoenixEggDefault","PhoenixEgg","true","false",0,,,"image/skin_icons/bk_original.png","sc3d/pheonix_default_geo.glb","sc3d/pheonix_default_a.pvr","sc3d/pheonix_default_n.pvr","sc3d/pheonix_default_m.pvr",,,"PhoenixEggDefault",,10000,225,225,,,,,,,,,,,,,,,,,,,"New",,40,"DEFAULT",,,,"false","false","false","false","false","false","false","false","false","false"
"RoyalChampion017","Warrior Princess","false","true",0,,,,,,,,,,,,,,,,,,,,,,,,,,,,,,,,,,,,,,,,"false","false","false","false","false","false","false","false","false","false"
"RoyalChampion018","Warrior Princess","false","true",0,,,,,,,,,,,,,,,,,,,,,,,,,,,,,,,,,,,,,,,,"false","false","false","false","false","false","false","false","false","false"
"RoyalChampion019","Warrior Princess","false","true",0,,,,,,,,,,,,,,,,,,,,,,,,,,,,,,,,,,,,,,,,"false","false","false","false","false","false","false","false","false","false"
"RoyalChampion020","Warrior Princess","false","true",0,,,,,,,,,,,,,,,,,,,,,,,,,,,,,,,,,,,,,,,,"false","false","false","false","false","false","false","false","false","false"
"RoyalChampion021","Warrior Princess","false","true",0,,,,,,,,,,,,,,,,,,,,,,,,,,,,,,,,,,,,,,,,"false","false","false","false","false","false","false","false","false","false"
"RoyalChampion022","Warrior Princess","false","true",0,,,,,,,,,,,,,,,,,,,,,,,,,,,,,,,,,,,,,,,,"false","false","false","false","false","false","false","false","false","false"
"RoyalChampion023","Warrior Princess","false","true",0,,,,,,,,,,,,,,,,,,,,,,,,,,,,,,,,,,,,,,,,"false","false","false","false","false","false","false","false","false","false"
"RoyalChampion024","Warrior Princess","false","true",0,,,,,,,,,,,,,,,,,,,,,,,,,,,,,,,,,,,,,,,,"false","false","false","false","false","false","false","false","false","false"
"RoyalChampion025","Warrior Princess","false","true",0,,,,,,,,,,,,,,,,,,,,,,,,,,,,,,,,,,,,,,,,"false","false","false","false","false","false","false","false","false","false"
"RoyalChampion026","Warrior Princess","false","true",0,,,,,,,,,,,,,,,,,,,,,,,,,,,,,,,,,,,,,,,,"false","false","false","false","false","false","false","false","false","false"
"GrandWarden021","Grand Warden","false","true",0,,,,,,,,,,,,,,,,,,,,,,,,,,,,,,,,,,,,,,,,"false","false","false","false","false","false","false","false","false","false"
"GrandWarden022","Grand Warden","false","true",0,,,,,,,,,,,,,,,,,,,,,,,,,,,,,,,,,,,,,,,,"false","false","false","false","false","false","false","false","false","false"
"GrandWarden023","Grand Warden","false","true",0,,,,,,,,,,,,,,,,,,,,,,,,,,,,,,,,,,,,,,,,"false","false","false","false","false","false","false","false","false","false"
"GrandWarden024","Grand Warden","false","true",0,,,,,,,,,,,,,,,,,,,,,,,,,,,,,,,,,,,,,,,,"false","false","false","false","false","false","false","false","false","false"
"GrandWarden025","Grand Warden","false","true",0,,,,,,,,,,,,,,,,,,,,,,,,,,,,,,,,,,,,,,,,"false","false","false","false","false","false","false","false","false","false"
"GrandWarden026","Grand Warden","false","true",0,,,,,,,,,,,,,,,,,,,,,,,,,,,,,,,,,,,,,,,,"false","false","false","false","false","false","false","false","false","false"
"GrandWarden027","Grand Warden","false","true",0,,,,,,,,,,,,,,,,,,,,,,,,,,,,,,,,,,,,,,,,"false","false","false","false","false","false","false","false","false","false"
"GrandWarden028","Grand Warden","false","true",0,,,,,,,,,,,,,,,,,,,,,,,,,,,,,,,,,,,,,,,,"false","false","false","false","false","false","false","false","false","false"
"GrandWarden029","Grand Warden","false","true",0,,,,,,,,,,,,,,,,,,,,,,,,,,,,,,,,,,,,,,,,"false","false","false","false","false","false","false","false","false","false"
"GrandWarden030","Grand Warden","false","true",0,,,,,,,,,,,,,,,,,,,,,,,,,,,,,,,,,,,,,,,,"false","false","false","false","false","false","false","false","false","false"
